Main ASIN,ASIN,TITLE,ASIN LINK
B07CP3C59L,B07CP3C59L,CRANE FOODS スイートピア ラカンカ (800g×1パック) 糖質制限 カロリーゼロ 糖類ゼロ 甘味料 砂糖と同じ甘さ ダイエットシュガー エリスリトール 100% 天然由来,https://www.amazon.co.jp/dp/B07CP3C59L
,B0CGVGZPNM,CRANE FOODS スイートピア ラカンカ (180g (3g×60本)) スティックタイプ 糖質制限 カロリーゼロ 糖類ゼロ 甘味料 砂糖と同じ甘さ ダイエットシュガー エリスリトール 100% 天然由来,https://www.amazon.co.jp/dp/B0CGVGZPNM
,B07KWRJR19,CRANE FOODS スイートピア ラカンカ (800g×3パック) 糖質制限 カロリーゼロ 糖類ゼロ 甘味料 砂糖と同じ甘さ ダイエットシュガー エリスリトール 100% 天然由来,https://www.amazon.co.jp/dp/B07KWRJR19
B07J111ZRT,B07J111ZRT,LOHAStyle(ロハスタイル) ラカンカ プレミアム 800g 糖質制限 天然由来 羅漢果 甘味料 カロリーゼロ 砂糖と同じ甘さ エリスリトール ステビア 非遺伝子組換え(Non-GMO) シュガー,https://www.amazon.co.jp/dp/B07J111ZRT
,B0BTP6P4XH,LOHAStyle(ロハスタイル) ラカンカプレミアム 3kg 糖質制限 天然由来 甘味料 カロリーゼロ 砂糖と同じ甘さ 非遺伝子組換え(Non-GMO) シュガー,https://www.amazon.co.jp/dp/B0BTP6P4XH
,B0BTP4JK8N,LOHAStyle(ロハスタイル) 糖質制限 天然由来 甘味料 ラカンカプレミアム (800g×3袋) カロリーゼロ 砂糖と同じ甘さ 非遺伝子組み換え,https://www.amazon.co.jp/dp/B0BTP4JK8N
,B07QNVCL5Q,LOHAStyle (ロハスタイル) ラカンカプレミアム カロリーゼロ 甘味料 Non-GMO 天然由来で砂糖と同じ甘さ 羅漢果 (800g×5袋),https://www.amazon.co.jp/dp/B07QNVCL5Q
B0FMDM13N6,B0FMDM13N6,ラカンカ 600g 甘味料 糖質制限 カロリーゼロ 糖類ゼロ 砂糖と同じ甘さ 羅漢果 植物由来のエリスリトール ダイエットシュガー,https://www.amazon.co.jp/dp/B0FMDM13N6
,B0G9N4GV3K,ラカンカ 900g 甘味料 糖質制限 カロリーゼロ 糖類ゼロ 砂糖と同じ甘さ 羅漢果 植物由来のエリスリトール ダイエットシュガー,https://www.amazon.co.jp/dp/B0G9N4GV3K
B0DV93HQY5,B0DV93HQY5,ラカントS 顆粒 1.1㎏,https://www.amazon.co.jp/dp/B0DV93HQY5
B07KWRJR19,B07KWRJR19,CRANE FOODS スイートピア ラカンカ (800g×3パック) 糖質制限 カロリーゼロ 糖類ゼロ 甘味料 砂糖と同じ甘さ ダイエットシュガー エリスリトール 100% 天然由来,https://www.amazon.co.jp/dp/B07KWRJR19
,B0CGVGZPNM,CRANE FOODS スイートピア ラカンカ (180g (3g×60本)) スティックタイプ 糖質制限 カロリーゼロ 糖類ゼロ 甘味料 砂糖と同じ甘さ ダイエットシュガー エリスリトール 100% 天然由来,https://www.amazon.co.jp/dp/B0CGVGZPNM
,B07CP3C59L,CRANE FOODS スイートピア ラカンカ (800g×1パック) 糖質制限 カロリーゼロ 糖類ゼロ 甘味料 砂糖と同じ甘さ ダイエットシュガー エリスリトール 100% 天然由来,https://www.amazon.co.jp/dp/B07CP3C59L
